{
    "loss": 1.9811315536499023,
    "accuracy": 0.793944239616394
}