{
    "loss": 3.4961814880371094,
    "accuracy": 0.6744372844696045
}